{"aave": {"bch": 0.19229885, "ltc": 1.068279, "eth": 0.0280028, "btc": 0.00141187}, "avalanche-2": {"bch": 0.07569466, "ltc": 0.42050702, "eth": 0.01102275, "btc": 0.00055576}, "basic-attention-token": {"bch": 0.00053596, "ltc": 0.00297702, "eth": 7.805e-05, "btc": 3.94e-06}, "bitcoin": {"bch": 136.213, "ltc": 756.706, "eth": 19.835529, "btc": 1.0}, "bitcoin-cash": {"bch": 1.0, "ltc": 5.556071, "eth": 0.14564134, "btc": 0.00734309}, "curve-dao-token": {"bch": 0.00093045, "ltc": 0.00516891, "eth": 0.00013549, "btc": 6.83e-06}, "ethereum": {"bch": 6.867563, "ltc": 38.151417, "eth": 1.0, "btc": 0.05042216}, "litecoin": {"bch": 0.18005704, "ltc": 1.0, "eth": 0.02622014, "btc": 0.00132199}, "maker": {"bch": 6.081568, "ltc": 33.784972, "eth": 0.88560572, "btc": 0.04465132}, "shiba-inu": {"bch": 5.1311e-08, "ltc": 2.85007e-07, "eth": 7.472e-09, "btc": 3.76778e-10}, "tezos": {"bch": 0.00211685, "ltc": 0.01175977, "eth": 0.00030826, "btc": 1.554e-05}, "the-graph": {"bch": 0.00054455, "ltc": 0.00302513, "eth": 7.93e-05, "btc": 4e-06}, "uniswap": {"bch": 0.01653735, "ltc": 0.09187006, "eth": 0.00240819, "btc": 0.00012142}}