{"aave": {"bch": 0.19193858, "ltc": 1.05576, "eth": 0.02793257, "btc": 0.00140521}, "avalanche-2": {"bch": 0.07554493, "ltc": 0.41553542, "eth": 0.01099395, "btc": 0.00055307}, "basic-attention-token": {"bch": 0.00053858, "ltc": 0.00296248, "eth": 7.838e-05, "btc": 3.94e-06}, "bitcoin": {"bch": 136.56, "ltc": 751.148, "eth": 19.873375, "btc": 1.0}, "bitcoin-cash": {"bch": 1.0, "ltc": 5.500987, "eth": 0.14554136, "btc": 0.00732177}, "curve-dao-token": {"bch": 0.00093435, "ltc": 0.00513939, "eth": 0.00013597, "btc": 6.84e-06}, "ethereum": {"bch": 6.872009, "ltc": 37.799535, "eth": 1.0, "btc": 0.05031088}, "litecoin": {"bch": 0.18170305, "ltc": 1.0, "eth": 0.026443, "btc": 0.00133027}, "maker": {"bch": 6.08037, "ltc": 33.445117, "eth": 0.88486814, "btc": 0.04451518}, "shiba-inu": {"bch": 5.1552e-08, "ltc": 2.83565e-07, "eth": 7.502e-09, "btc": 3.77422e-10}, "tezos": {"bch": 0.00212492, "ltc": 0.01168812, "eth": 0.00030924, "btc": 1.556e-05}, "the-graph": {"bch": 0.0005448, "ltc": 0.00299666, "eth": 7.928e-05, "btc": 3.99e-06}, "uniswap": {"bch": 0.01653529, "ltc": 0.0909525, "eth": 0.00240636, "btc": 0.00012106}}