{"aave": {"bch": 0.18816342, "ltc": 1.057075, "eth": 0.02834701, "btc": 0.00141293}, "avalanche-2": {"bch": 0.07223438, "ltc": 0.40580241, "eth": 0.01088218, "btc": 0.00054241}, "basic-attention-token": {"bch": 0.0005414, "ltc": 0.00304151, "eth": 8.156e-05, "btc": 4.07e-06}, "bitcoin": {"bch": 133.192, "ltc": 748.252, "eth": 20.065466, "btc": 1.0}, "bitcoin-cash": {"bch": 1.0, "ltc": 5.619336, "eth": 0.15069064, "btc": 0.00751105}, "curve-dao-token": {"bch": 0.00091276, "ltc": 0.00512776, "eth": 0.00013751, "btc": 6.85e-06}, "ethereum": {"bch": 6.639181, "ltc": 37.297971, "eth": 1.0, "btc": 0.04985409}, "litecoin": {"bch": 0.17810177, "ltc": 1.0, "eth": 0.02683121, "btc": 0.00133738}, "maker": {"bch": 6.182293, "ltc": 34.73124, "eth": 0.93136862, "btc": 0.04642329}, "shiba-inu": {"bch": 5.1772e-08, "ltc": 2.9085e-07, "eth": 7.8e-09, "btc": 3.88763e-10}, "tezos": {"bch": 0.00212202, "ltc": 0.0119212, "eth": 0.00031968, "btc": 1.593e-05}, "the-graph": {"bch": 0.00055551, "ltc": 0.00312076, "eth": 8.369e-05, "btc": 4.17e-06}, "uniswap": {"bch": 0.01622667, "ltc": 0.09115912, "eth": 0.00244456, "btc": 0.00012185}}