{"aave": {"bch": 0.19084092, "ltc": 1.076012, "eth": 0.0277404, "btc": 0.00144172}, "avalanche-2": {"bch": 0.07273332, "ltc": 0.41008993, "eth": 0.01057242, "btc": 0.00054947}, "basic-attention-token": {"bch": 0.00054009, "ltc": 0.00304503, "eth": 7.851e-05, "btc": 4.08e-06}, "bitcoin": {"bch": 132.358, "ltc": 746.236, "eth": 19.241023, "btc": 1.0}, "bitcoin-cash": {"bch": 1.0, "ltc": 5.637743, "eth": 0.14536406, "btc": 0.00755449}, "curve-dao-token": {"bch": 0.00093877, "ltc": 0.00529302, "eth": 0.00013646, "btc": 7.09e-06}, "ethereum": {"bch": 6.879237, "ltc": 38.786982, "eth": 1.0, "btc": 0.05196948}, "litecoin": {"bch": 0.17737485, "ltc": 1.0, "eth": 0.02578299, "btc": 0.00133999}, "maker": {"bch": 6.484658, "ltc": 36.562241, "eth": 0.94260179, "btc": 0.04898861}, "shiba-inu": {"bch": 5.1566e-08, "ltc": 2.90732e-07, "eth": 7.496e-09, "btc": 3.89577e-10}, "tezos": {"bch": 0.00211262, "ltc": 0.01191154, "eth": 0.00030709, "btc": 1.596e-05}, "the-graph": {"bch": 0.00055194, "ltc": 0.00311184, "eth": 8.024e-05, "btc": 4.17e-06}, "uniswap": {"bch": 0.01666198, "ltc": 0.09394067, "eth": 0.00242217, "btc": 0.00012588}}