{"aave": {"bch": 0.1894125, "ltc": 1.083697, "eth": 0.02881843, "btc": 0.00141324, "dot": 13.172669, "link": 6.196072}, "avalanche-2": {"bch": 0.07487017, "ltc": 0.42835909, "eth": 0.01139123, "btc": 0.00055862, "dot": 5.206837, "link": 2.449157}, "basic-attention-token": {"bch": 0.0005435, "ltc": 0.00310954, "eth": 8.269e-05, "btc": 4.06e-06, "dot": 0.03779736, "link": 0.01777887}, "bitcoin": {"bch": 134.046, "ltc": 766.924, "eth": 20.394586, "btc": 1.0, "dot": 9322, "link": 4385}, "bitcoin-cash": {"bch": 1.0, "ltc": 5.722939, "eth": 0.15218842, "btc": 0.00746323, "dot": 69.564, "link": 32.721088}, "chainlink": {"bch": 0.03059408, "ltc": 0.17503968, "eth": 0.00465478, "btc": 0.00022827, "dot": 2.127661, "link": 1.0}, "curve-dao-token": {"bch": 0.00092108, "ltc": 0.00526983, "eth": 0.00014014, "btc": 6.87e-06, "dot": 0.06405641, "link": 0.03013042}, "ethereum": {"bch": 6.573393, "ltc": 37.614596, "eth": 1.0, "btc": 0.04903939, "dot": 457.181, "link": 215.057}, "litecoin": {"bch": 0.17482782, "ltc": 1.0, "eth": 0.02659942, "btc": 0.00130442, "dot": 12.15838, "link": 5.718977}, "maker": {"bch": 5.930955, "ltc": 33.933118, "eth": 0.90237335, "btc": 0.04425184, "dot": 412.468, "link": 194.014}, "polkadot": {"bch": 0.01438116, "ltc": 0.08227977, "eth": 0.00218804, "btc": 0.0001073, "dot": 1.0, "link": 0.47043724}, "shiba-inu": {"bch": 5.4577e-08, "ltc": 3.12253e-07, "eth": 8.304e-09, "btc": 4.07206e-10, "dot": 3.8e-06, "link": 1.79e-06}, "tezos": {"bch": 0.00212518, "ltc": 0.0121589, "eth": 0.00032334, "btc": 1.586e-05, "dot": 0.14779523, "link": 0.06951893}, "the-graph": {"bch": 0.00056326, "ltc": 0.00322263, "eth": 8.57e-05, "btc": 4.2e-06, "dot": 0.03917211, "link": 0.01842551}, "uniswap": {"bch": 0.01649336, "ltc": 0.09436442, "eth": 0.00250941, "btc": 0.00012306, "dot": 1.147029, "link": 0.53953163}}