{"aave": {"bch": 0.19015691, "ltc": 1.079373, "eth": 0.02880693, "btc": 0.00141036, "dot": 13.154962, "link": 6.192601}, "avalanche-2": {"bch": 0.07479441, "ltc": 0.42454984, "eth": 0.01133063, "btc": 0.00055474, "dot": 5.17424, "link": 2.435735}, "basic-attention-token": {"bch": 0.00054667, "ltc": 0.003103, "eth": 8.281e-05, "btc": 4.05e-06, "dot": 0.03781815, "link": 0.01780261}, "bitcoin": {"bch": 134.82, "ltc": 765.27, "eth": 20.423956, "btc": 1.0, "dot": 9327, "link": 4391}, "bitcoin-cash": {"bch": 1.0, "ltc": 5.676616, "eth": 0.15150079, "btc": 0.00741735, "dot": 69.184, "link": 32.567989}, "chainlink": {"bch": 0.03070779, "ltc": 0.17430433, "eth": 0.00465193, "btc": 0.00022775, "dot": 2.12435, "link": 1.0}, "curve-dao-token": {"bch": 0.00092711, "ltc": 0.0052625, "eth": 0.00014045, "btc": 6.88e-06, "dot": 0.06413721, "link": 0.03019212}, "ethereum": {"bch": 6.602396, "ltc": 37.476681, "eth": 1.0, "btc": 0.04896888, "dot": 456.751, "link": 215.012}, "litecoin": {"bch": 0.17614598, "ltc": 1.0, "eth": 0.02668441, "btc": 0.00130645, "dot": 12.185692, "link": 5.736324}, "maker": {"bch": 5.95621, "ltc": 33.808786, "eth": 0.90230824, "btc": 0.04417623, "dot": 412.048, "link": 193.968}, "polkadot": {"bch": 0.01445555, "ltc": 0.08205293, "eth": 0.00218988, "btc": 0.00010721, "dot": 1.0, "link": 0.47075562}, "shiba-inu": {"bch": 5.4575e-08, "ltc": 3.09782e-07, "eth": 8.268e-09, "btc": 4.04776e-10, "dot": 3.78e-06, "link": 1.78e-06}, "tezos": {"bch": 0.00213549, "ltc": 0.0121215, "eth": 0.00032351, "btc": 1.584e-05, "dot": 0.14773189, "link": 0.0695437}, "the-graph": {"bch": 0.0005618, "ltc": 0.00318891, "eth": 8.511e-05, "btc": 4.17e-06, "dot": 0.03886515, "link": 0.01829548}, "uniswap": {"bch": 0.01661714, "ltc": 0.09432261, "eth": 0.00251734, "btc": 0.00012325, "dot": 1.149566, "link": 0.54114945}}